SET AUTOCOMMIT FALSE;

START TRANSACTION;
CREATE FUNCTION md5(VARCHAR(128), VARCHAR(10))
RETURNS VARCHAR(256)
LANGUAGE JAVA
DETERMINISTIC
NO SQL
EXTERNAL NAME 'CLASSPATH:org.hsqldb.lib.MD5.encode'
INSERT INTO SYS_M_CONFIG (CONFIG_KEY, CONFIG_VALUE, CONFIG_GROUP, DESC) VALUES
	('GUEST_ID', '1', 'SYS', 'SYS'),
	('OAUTH2_IDENTIFIER', 'http://oid.morethanmatch.com/oauth2/', 'OAUTH2', 'SYS');
INSERT INTO SYS_M_ROLE (ID_ROLE, ROLE_NAME, DESC)
VALUES
	('1','GUEST','GUEST VISITOR'),
	('2','ADMIN','ADMIN'),
	('3','USER','USER');
INSERT INTO SYS_M_USER (USERNAME, PASSWORD,FIRST_NAME) VALUES
	('user', MD5('1234','UTF-8'), 'user');

INSERT INTO SYS_M_USER_MAP_ROLE (ID_USER, ID_ROLE) VALUES
	(IDENTITY(), '3');
	
INSERT INTO SYS_M_USER (USERNAME, PASSWORD,FIRST_NAME) VALUES
	('admin', MD5('1234','UTF-8'), 'user');

INSERT INTO SYS_M_USER_MAP_ROLE (ID_USER, ID_ROLE) VALUES
	(IDENTITY(), '2');

INSERT INTO SYS_M_FUNCTION (ID_FUNCTION, NAME, LEVEL, ID_PARENT, DESC)
VALUES
	('COM000000','ALL','0',NULL,NULL),
	('COM010000','Authentication & Authorization','0',NULL,NULL),
	('COM010010','Log In','1','COM010000',NULL),
	('COM010020','Log Out','1','COM010000',NULL),
	('COM020000','User','0',NULL,NULL),
	('COM020010','Create User','1','COM020000',NULL),
	('COM020020','View User','1','COM020010',NULL),
	('COM020030','Update User','1','COM020010',NULL),
	('COM020031','ALL','2','COM020030',NULL),
	('COM020032','password','2','COM020030',NULL),
	('COM020040','Delete User','1','COM020010',NULL),
	('COM020050','Import User','1','COM020010',NULL),
	('COM020060','Export User','1','COM020010',NULL),
	('COM030000','Regsiter','0',NULL,NULL),
	('COM030010','Regsiter User','1','COM030000',NULL),
	('COM040000','Role','0',NULL,NULL),
	('COM040010','Create Role','1','COM040000',NULL),
	('COM040020','View Role','1','COM040010',NULL),
	('COM040030','Update Role','1','COM040010',NULL),
	('COM040040','Delete Role','1','COM040010',NULL),
	('COM040050','Import Role','1','COM040010',NULL),
	('COM040060','Export Role','1','COM040010',NULL),
	('COM050000','My Profile','0',NULL,NULL),
	('COM050010','Create My Profile','1','COM050000',NULL),
	('COM050020','View My Profile','1','COM050000',NULL),
	('COM050030','Update My Profile','1','COM050000',NULL),
	('COM050040','Delete My Profile','1','COM050000',NULL),
	('COM050050','Import My Profile','1','COM050000',NULL),
	('COM050060','Export My Profile','1','COM050000',NULL),
	('COM060000','Report','0',NULL,NULL),
	('COM999999','ADMIN','0',NULL,NULL)
;
INSERT INTO SYS_M_ROLE_MAP_FUNCTION (ID_ROLE, ID_FUNCTION)
VALUES
	('3','COM000000'),
	('3','COM050000'),
	('3','COM050010'),
	('3','COM050020'),
	('3','COM050030'),
	('3','COM050040'),
	('3','COM050050'),
	('3','COM050060'),
	('2','COM000000'),
	('2','COM010020'),
	('2','COM020000'),
	('2','COM020010'),
	('2','COM020020'),
	('2','COM040000'),
	('2','COM040010'),
	('2','COM040020'),
	('2','COM040030'),
	('1','COM010010'),
	('1','COM030010'),
	('1','COM000000');

INSERT INTO SYS_M_MENU (ID_MENU, NAME, LEVEL, MENU_TYPE, ID_PARENT, ID_ACTION, SEQ, ID_FUNCTION)VALUES
    (1, 'HOME', '0', 'T', NULL, 1, '0', 'COM000000')
    ,(2, 'LOGIN', '1', 'T', 1, 2, '1', 'COM010010')
    ,(3, 'LOGOUT', '1', 'T', 1, 3, '2', 'COM010020')
    ,(4, 'REGISTER', '1', 'T', 1, 4, '3', 'COM030010')
    ,(5, 'MY_PROFILE', '1', 'T', 1, 5, '4', 'COM050000')
    ;
INSERT INTO SYS_M_ACTION (ID_ACTION, PAGE_NAME, ACTION_NAME, NAME_SPACE, URL, TYPE, ID_MENU, ID_FUNCTION)
VALUES
	(1, 'HOME', 'home-end', '/home', NULL, 'A', NULL, 'COM000000')
	,(2, 'LOGIN', 'login-end', '/authen', NULL, 'A', NULL, 'COM010010')
	,(3, 'LOGOUT', 'logout-end', '/authen', NULL, 'A', NULL, 'COM010020')
	,(4, 'REGISTER', 'register-end', '/user', NULL, 'A', NULL, 'COM030010')
	,(5, 'REGISTER', 'myProfile-end', '/user', NULL, 'A', NULL, 'COM050000')
	,(6, 'REGISTER', 'register-end', '/user', NULL, 'A', NULL, 'COM030010')
	;
INSERT INTO SYS_M_LABEL (LANGUAGE, PAGE, LABEL, DISPLAY_TEXT)
VALUES
	('ENG', 'MENU', 'HOME', 'HOME'),('THA', 'MENU', 'HOME', 'หน้าหลัก'),
	('ENG', 'MENU', 'LOGIN', 'LOGIN'),('THA', 'MENU', 'LOGIN', 'เข้าระบบ'),
	('ENG', 'MENU', 'LOGOUT', 'LOGOUT'),('THA', 'MENU', 'LOGOUT', 'ออกระบบ'),
	('ENG', 'MENU', 'REGISTER', 'REGISTER'),('THA', 'MENU', 'REGISTER', 'สมัครสมาชิก');
INSERT INTO SYS_M_PHONE (PHONE_NO, NAME, ID_PHONE_TYPE)
VALUES
	('000202020', 'SYS_M_PHONE', 1);
INSERT INTO SYS_M_PHONE_TYPE (ID_PHONE_TYPE, NAME)
VALUES
	(1, '12345678www9');
INSERT INTO SYS_M_PHONE_TYPE_LANG (ID_PHONE_TYPE,LANG_CODE3, NAME)
VALUES
	(1,'THA', '1234567T'),
	(1,'ENG', '1234567E');
	
COMMIT;

SET AUTOCOMMIT TRUE;